{
  "mAP@0.5": 0.054041402429094595,
  "mAP@0.5:0.95": 0.021076495007941395,
  "precision": 0.011481975967957277,
  "recall": 0.7678571428571429
}